fabric_id,fullname,isactive
1,105334,1
1,105335,1
1,105336,1
1,105337,1
1,105338,1
1,105339,1
1,105340,1
1,105341,1
1,105342,1
1,105343,1
1,105344,1
1,105345,1
1,105346,1
1,105347,1
1,105348,1
1,105349,1
1,105350,1
1,105351,1
1,105352,1
1,105353,1
1,105354,1
1,105355,1
1,105356,1
1,105357,1
1,105358,1
1,105359,1
1,105360,1
1,105361,1
1,105362,1
1,105363,1
1,105364,1
1,105365,1
1,105366,1
1,105367,1
1,105368,1
1,105369,1
1,105370,1
1,105371,1
1,105372,1
1,105373,1
1,105374,1
1,105375,1
1,105376,1
1,105377,1
1,105378,1
1,105379,1
1,105380,1
1,105381,1
1,105382,1
1,105383,1
1,105384,1
1,105385,1
1,105386,1
1,105387,1
1,105388,1
1,105389,1
1,105390,1
1,105391,1
1,105392,1
1,105393,1
1,105394,1
1,105395,1
1,105396,1
1,105397,1
1,105398,1
1,105399,1
1,105400,1
1,105401,1
1,105402,1
1,105403,1
1,105404,1
1,105405,1
1,105406,1
1,105407,1
1,105408,1
1,105409,1
1,105410,1
1,105411,1
1,105412,1
1,105413,1
1,105414,1
1,105415,1
1,105416,1
1,105417,1
1,105418,1
1,105419,1
1,105421,1
1,105423,1
1,105425,1
1,105426,1
1,105427,1
1,105428,1
1,105429,1
1,105430,1
1,105431,1
1,105432,1
1,105433,1
1,105434,1
1,105435,1
1,105436,1
1,105437,1
1,105438,1
1,105439,1
1,105440,1
1,105441,1
1,105442,1
1,105443,1
1,105444,1
1,105445,1
1,105446,1
1,105447,1
1,105448,1
1,105449,1
1,105450,1
1,105451,1
1,105452,1
1,105453,1
1,105454,1
1,105455,1
1,105456,1
1,105457,1
1,105458,1
1,105459,1
1,105460,1
1,105461,1
1,105462,1
1,105463,1
1,105464,1
1,105465,1
1,105466,1
1,105467,1
1,105468,1
1,105469,1
1,105470,1
1,105471,1
1,105472,1
1,105473,1
1,105474,1
1,105475,1
1,105476,1
1,105477,1
1,105478,1
1,105479,1
1,105480,1
1,105481,1
1,105482,1
1,105483,1
1,105484,1
1,105485,1
1,105486,1
1,105487,1
1,105488,1
1,105489,1
1,105490,1
1,105491,1
1,105492,1
1,105493,1
1,105494,1
1,105495,1
1,105496,1
1,105497,1
1,105498,1
1,105499,1
1,105500,1
1,105501,1
1,105502,1
1,105503,1
1,105504,1
1,105505,1
1,105506,1
1,105507,1
1,105508,1
2,101401,1
2,101402,1
2,101403,1
2,101405,1
2,101406,1
2,101407,1
2,101408,1
2,101409,1
2,101411,1
2,101412,1
2,101413,1
2,101414,1
2,101415,1
2,101416,1
2,101417,1
2,101419,1
2,101420,1
2,101421,1
2,101423,1
2,101424,1
2,101425,1
2,101426,1
2,101427,1
2,101428,1
2,101429,1
2,101430,1
2,101431,1
2,101868,1
2,101869,1
2,101870,1
2,101871,1
2,101872,1
2,101873,1
2,101874,1
2,101875,1
2,101876,1
2,101877,1
2,101878,1
2,101879,1
2,101880,1
2,101881,1
2,101882,1
2,101883,1
2,101884,1
2,101885,1
2,101886,1
2,101887,1
2,101888,1
2,101889,1
2,101890,1
2,101891,1
2,101892,1
2,101893,1
2,101894,1
3,101728,1
3,101729,1
3,101730,1
3,101733,1
3,101734,1
3,101735,1
3,101738,1
3,101740,1
3,101741,1
3,101742,1
3,101743,1
3,101744,1
3,101746,1
3,101748,1
3,101749,1
3,101753,1
3,101754,1
3,101757,1
3,101758,1
3,101759,1
3,101760,1
3,101761,1
3,101762,1
3,101763,1
3,101764,1
3,101861,1
3,101862,1
3,101863,1
3,101864,1
3,101909,1
3,101910,1
3,101911,1
3,101912,1
3,101939,1
3,101940,1
3,101941,1
3,101942,1
3,101943,1
3,101944,1
3,101945,1
3,101946,1
3,101947,1
3,101948,1
3,101949,1
3,101950,1
4,100229,1
4,100235,1
4,100237,1
4,100239,1
4,100240,1
4,100241,1
4,100242,1
4,100243,1
4,100244,1
4,100258,1
4,100259,1
4,100260,1
4,100262,1
4,100265,1
4,100266,1
4,100268,1
4,100269,1
4,100270,1
4,100272,1
4,100273,1
4,100275,1
4,100387,1
4,100393,1
4,100394,1
4,100395,1
4,100396,1
4,100397,1
4,100398,1
4,100399,1
4,100400,1
4,100406,1
4,100409,1
4,100411,1
4,100412,1
4,100414,1
4,100415,1
4,100416,1
4,100419,1
4,100420,1
4,100421,1
4,100422,1
4,100423,1
4,100424,1
4,100425,1
4,100491,1
4,100534,1
4,100535,1
4,100538,1
4,100539,1
4,100542,1
4,100545,1
4,100565,1
4,100590,1
4,101502,1
4,101503,1
4,101504,1
4,101505,1
4,101509,1
4,101510,1
4,101511,1
4,101513,1
4,101514,1
4,101523,1
4,101524,1
4,101525,1
4,101526,1
4,101810,1
4,101812,1
4,101813,1
4,101814,1
4,101815,1
4,101816,1
4,101817,1
4,101818,1
4,101820,1
4,101866,1
4,101923,1
5,101530,1
5,101531,1
5,101532,1
5,101533,1
5,101534,1
5,101535,1
5,101536,1
5,101537,1
5,101538,1
5,101539,1
5,101540,1
5,101541,1
5,101542,1
5,101543,1
5,101544,1
5,101545,1
5,101546,1
5,101547,1
5,101548,1
5,101549,1
5,101550,1
5,101551,1
5,101552,1
5,101553,1
5,101554,1
5,101555,1
5,101556,1
5,101557,1
5,101558,1
5,101559,1
5,101560,1
5,101562,1
5,101563,1
5,101565,1
5,101566,1
5,101567,1
5,101568,1
5,101569,1
5,101571,1
5,101572,1
5,101573,1
5,101574,1
5,101575,1
5,101576,1
5,101577,1
5,101578,1
5,101579,1
5,101580,1
5,101581,1
5,101582,1
5,101583,1
5,101584,1
5,101585,1
5,101586,1
5,101587,1
5,101588,1
5,101589,1
5,101593,1
5,101594,1
5,101595,1
5,101597,1
5,101598,1
5,101600,1
5,101602,1
5,101606,1
5,101609,1
5,101610,1
5,101611,1
5,101612,1
5,101613,1
5,101614,1
5,101615,1
5,101616,1
5,101617,1
6,101680,1
6,101685,1
6,101692,1
6,101693,1
6,101694,1
6,101695,1
6,101696,1
6,101697,1
6,101698,1
6,101700,1
6,101701,1
6,101702,1
6,101703,1
6,101704,1
6,101705,1
6,101706,1
6,101707,1
6,101708,1
6,101709,1
6,101710,1
6,101711,1
6,101712,1
6,101713,1
6,101714,1
6,101715,1
6,101716,1
6,101717,1
6,101718,1
6,101719,1
6,101721,1
6,101723,1
6,101724,1
6,101725,1
6,101726,1
6,101837,1
6,101838,1
6,101840,1
6,101841,1
6,101842,1
6,101843,1
6,101844,1
6,101846,1
6,101847,1
6,101849,1
6,101850,1
6,101851,1
6,101914,1
6,101915,1
6,101916,1
6,101917,1
6,101918,1
6,101919,1
6,101920,1
6,101921,1
6,101933,1
6,101934,1
6,101935,1
6,101936,1
6,101937,1
7,100248,1
7,100252,1
7,100276,1
7,100285,1
7,100287,1
7,100288,1
7,100293,1
7,100295,1
7,100296,1
7,100378,1
7,100383,1
7,100446,1
7,100456,1
7,100462,1
7,100465,1
7,100466,1
7,100471,1
7,100479,1
7,100488,1
7,101438,1
7,101439,1
7,101440,1
7,101447,1
7,101451,1
7,101452,1
7,101453,1
7,101454,1
7,101455,1
7,101457,1
7,101458,1
7,101459,1
7,101460,1
7,101461,1
7,101462,1
7,101463,1
7,101464,1
7,101465,1
7,101467,1
7,101468,1
7,101469,1
7,101470,1
7,101471,1
7,101472,1
7,101473,1
7,101474,1
7,101475,1
7,101476,1
7,101477,1
7,101478,1
7,101479,1
7,101480,1
7,101481,1
7,101482,1
7,101483,1
7,101484,1
7,101485,1
7,101490,1
7,101491,1
7,101492,1
7,101660,1
7,101661,1
7,101662,1
7,101665,1
7,101668,1
7,101670,1
7,101673,1
7,101674,1
7,101775,1
7,101786,1
7,101790,1
7,101792,1
7,101793,1
7,101795,1
7,101796,1
7,101797,1
7,101798,1
7,101804,1
7,101805,1
7,101807,1
7,101824,1
7,101829,1
7,101831,1
7,101832,1
7,101833,1
7,101834,1
7,101835,1
7,101853,1
7,101858,1
7,101859,1
7,101896,1
7,101897,1
7,101898,1
7,101899,1
7,101900,1
7,101901,1
7,101902,1
7,101903,1
7,101905,1
7,101952,1
7,101953,1
7,101954,1
7,101956,1
7,101957,1
7,101958,1
7,101959,1
7,101960,1
7,101961,1
8,100107,1
8,100108,1
8,100109,1
8,100110,1
8,100113,1
8,100114,1
8,100115,1
8,100116,1
8,100117,1
8,100118,1
8,100119,1
8,100120,1
8,100122,1
8,100123,1
8,100124,1
8,100125,1
8,100126,1
8,100127,1
8,100130,1
8,100131,1
8,100132,1
8,100133,1
8,100134,1
8,100204,1
8,100256,1
8,100297,1
8,100298,1
8,100299,1
8,100492,1
8,100493,1
8,100496,1
8,100497,1
8,100499,1
8,100500,1
8,100501,1
8,100502,1
8,100503,1
8,100583,1
8,100584,1
8,100585,1
8,100586,1
8,100587,1
8,100588,1
8,100589,1
8,101619,1
8,101620,1
8,101621,1
8,101623,1
8,101624,1
8,101625,1
8,101626,1
8,101627,1
8,101628,1
8,101629,1
8,101630,1
8,101631,1
8,101632,1
8,101633,1
8,101634,1
8,101635,1
8,101637,1
8,101638,1
8,101640,1
8,101641,1
8,101642,1
8,101643,1
8,101645,1
8,101647,1
8,101649,1
8,101650,1
8,101652,1
8,101925,1
8,101926,1
8,101927,1
8,101928,1
8,101929,1
8,101930,1
8,101931,1
9,400902,1
9,400903,1
9,400906,1
9,400907,1
9,400908,1
9,400911,1
9,400912,1
9,400913,1
9,400915,1
9,400916,1
9,400917,1
9,400919,1
9,400921,1
9,400922,1
9,400923,1
9,400924,1
9,400925,1
9,400927,1
9,400928,1
9,400929,1
9,400930,1
9,400931,1
9,400932,1
9,400933,1
9,400934,1
9,400935,1
9,400936,1
9,400937,1
9,400938,1
9,400939,1
9,400940,1
9,400943,1
9,400944,1
9,400945,1
9,400946,1
9,400947,1
9,400948,1
9,400949,1
9,400950,1
9,400951,1
9,400952,1
9,400953,1
9,400954,1
9,400955,1
9,400956,1
9,400957,1
9,400958,1
9,400959,1
9,400960,1
9,400961,1
9,400962,1
9,400963,1
9,400964,1
9,400965,1
9,400966,1
9,400967,1
9,400968,1
9,400969,1
9,400970,1
9,400971,1
9,400972,1
9,400973,1
10,400902,1
10,400903,1
10,400906,1
10,400907,1
10,400908,1
10,400911,1
10,400912,1
10,400913,1
10,400915,1
10,400916,1
10,400917,1
10,400919,1
10,400921,1
10,400922,1
10,400923,1
10,400924,1
10,400925,1
10,400927,1
10,400928,1
10,400929,1
10,400930,1
10,400931,1
10,400932,1
10,400933,1
10,400934,1
10,400935,1
10,400936,1
10,400937,1
10,400938,1
10,400939,1
10,400940,1
10,400943,1
10,400944,1
10,400945,1
10,400946,1
10,400947,1
10,400948,1
10,400949,1
10,400950,1
10,400951,1
10,400952,1
10,400953,1
10,400954,1
10,400955,1
10,400956,1
10,400957,1
10,400958,1
10,400959,1
10,400960,1
10,400961,1
10,400962,1
10,400963,1
10,400964,1
10,400965,1
10,400966,1
10,400967,1
10,400968,1
10,400969,1
10,400970,1
10,400971,1
10,400972,1
10,400973,1
11,400902,1
11,400903,1
11,400906,1
11,400907,1
11,400908,1
11,400911,1
11,400912,1
11,400913,1
11,400915,1
11,400916,1
11,400917,1
11,400919,1
11,400921,1
11,400922,1
11,400923,1
11,400924,1
11,400925,1
11,400927,1
11,400928,1
11,400929,1
11,400930,1
11,400931,1
11,400932,1
11,400933,1
11,400934,1
11,400935,1
11,400936,1
11,400937,1
11,400938,1
11,400939,1
11,400940,1
11,400943,1
11,400944,1
11,400945,1
11,400946,1
11,400947,1
11,400948,1
11,400949,1
11,400950,1
11,400951,1
11,400952,1
11,400953,1
11,400954,1
11,400955,1
11,400956,1
11,400957,1
11,400958,1
11,400959,1
11,400960,1
11,400961,1
11,400962,1
11,400963,1
11,400964,1
11,400965,1
11,400966,1
11,400967,1
11,400968,1
11,400969,1
11,400970,1
11,400971,1
11,400972,1
11,400973,1
12,400902,1
12,400903,1
12,400906,1
12,400907,1
12,400908,1
12,400911,1
12,400912,1
12,400913,1
12,400915,1
12,400916,1
12,400917,1
12,400919,1
12,400921,1
12,400922,1
12,400923,1
12,400924,1
12,400925,1
12,400927,1
12,400928,1
12,400929,1
12,400930,1
12,400931,1
12,400932,1
12,400933,1
12,400934,1
12,400935,1
12,400936,1
12,400937,1
12,400938,1
12,400939,1
12,400940,1
12,400943,1
12,400944,1
12,400945,1
12,400946,1
12,400947,1
12,400948,1
12,400949,1
12,400950,1
12,400951,1
12,400952,1
12,400953,1
12,400954,1
12,400955,1
12,400956,1
12,400957,1
12,400958,1
12,400959,1
12,400960,1
12,400961,1
12,400962,1
12,400963,1
12,400964,1
12,400965,1
12,400966,1
12,400967,1
12,400968,1
12,400969,1
12,400970,1
12,400971,1
12,400972,1
12,400973,1
13,105529,1
13,105530,1
13,105531,1
13,105532,1
13,105533,1
13,105534,1
13,105535,1
13,105536,1
13,105537,1
13,105538,1
13,105539,1
13,105540,1
13,105541,1
13,105542,1
13,105543,1
13,105544,1
13,105545,1
13,105546,1
13,105547,1
13,105548,1
13,105549,1
13,105550,1
13,105551,1
13,105552,1
13,105553,1
13,105554,1
13,105555,1
13,105556,1
13,105557,1
13,105558,1
13,105559,1
13,105560,1
13,105561,1
13,105562,1
13,105563,1
13,105564,1
13,105565,1
13,105566,1
13,105567,1
13,105568,1
13,105569,1
13,105570,1
13,105571,1
13,105572,1
13,105573,1
13,105574,1
13,105575,1
13,105576,1
13,105577,1
13,105578,1
13,105579,1
13,105580,1
13,105581,1
13,105582,1
13,105583,1
13,105584,1
13,105585,1
13,105586,1
13,105587,1
13,105588,1
13,105589,1
13,105590,1
13,105591,1
13,105592,1
13,105593,1
13,105594,1
13,105595,1
13,105596,1
13,105597,1
13,105598,1
13,105599,1
13,105600,1
13,105601,1
13,105602,1
13,105603,1
13,105604,1
13,105605,1
13,105606,1
13,105607,1
13,105608,1
13,105609,1
13,105610,1
13,105611,1
13,105612,1
13,105613,1
13,105614,1
13,105615,1
13,105616,1
13,105617,1
13,105618,1
13,105619,1
13,105620,1
13,105621,1
13,105622,1
13,105623,1
13,105624,1
13,105625,1
13,105626,1
13,105627,1
13,105628,1
13,105629,1
13,105630,1
13,105631,1
13,105632,1
13,105633,1
13,105634,1
13,105635,1
13,105636,1
13,105637,1
13,105638,1
13,105639,1
13,105640,1
13,105641,1
13,105642,1
13,105643,1
13,105644,1
13,105645,1
13,105646,1
13,105647,1
13,105648,1
13,105649,1
13,105650,1
13,105651,1
13,105652,1
13,105653,1
13,105654,1
13,105655,1
13,105656,1
13,105657,1
13,105658,1
13,105659,1
13,105660,1
13,105661,1
13,105662,1
13,105663,1
13,105664,1
13,105665,1
13,105666,1
13,105667,1
13,105668,1
13,105669,1
13,105670,1
13,105671,1
13,105672,1
13,105673,1
13,105674,1
13,105675,1
14,103450,1
14,103451,1
14,103452,1
14,103453,1
14,103454,1
14,103455,1
14,103456,1
14,103457,1
14,103458,1
14,103459,1
14,103460,1
14,103461,1
14,103462,1
14,103463,1
14,103464,1
14,103465,1
14,103468,1
14,103469,1
14,103470,1
14,103471,1
14,103472,1
14,103473,1
14,103474,1
14,103475,1
14,103476,1
14,103477,1
14,103478,1
14,103479,1
14,103480,1
14,103481,1
14,103482,1
14,103483,1
14,103484,1
14,103486,1
14,103487,1
14,103488,1
14,103490,1
14,103492,1
14,103494,1
14,103495,1
14,103496,1
14,103497,1
14,103498,1
14,103500,1
14,103501,1
14,103502,1
14,103505,1
14,103506,1
14,103507,1
14,103508,1
14,103509,1
14,103510,1
14,103512,1
14,103513,1
14,103514,1
14,103515,1
14,103516,1
14,103517,1
14,103518,1
14,103519,1
14,103520,1
14,103521,1
14,103522,1
14,103523,1
14,103524,1
14,103525,1
14,103526,1
14,103527,1
14,103528,1
14,103529,1
14,103530,1
14,103532,1
14,103533,1
14,103534,1
14,103535,1
14,103536,1
14,103537,1
14,103538,1
14,103539,1
14,103540,1
14,103541,1
14,103542,1
14,103543,1
14,103544,1
14,103545,1
14,103546,1
14,103547,1
14,103548,1
14,103549,1
14,103550,1
14,103551,1
14,103552,1
14,103553,1
14,103554,1
14,103555,1
14,103556,1
14,103557,1
14,103560,1
14,103561,1
14,103562,1
14,103563,1
14,103564,1
14,103565,1
14,103566,1
14,103567,1
14,103568,1
14,103569,1
14,103570,1
14,103571,1
14,103572,1
14,103573,1
14,103574,1
14,103575,1
14,103577,1
14,103578,1
14,103579,1
14,105063,1
14,105064,1
14,105065,1
14,105066,1
14,105067,1
14,105069,1
14,105070,1
14,105071,1
14,105072,1
14,105073,1
14,105074,1
14,105075,1
14,105076,1
14,105077,1
14,105078,1
14,105079,1
14,105080,1
14,105081,1
14,105082,1
14,105083,1
14,105084,1
14,105085,1
14,105086,1
14,105088,1
14,105089,1
14,105090,1
14,105091,1
14,105092,1
14,105093,1
14,105094,1
14,105095,1
14,105096,1
14,105097,1
14,105098,1
14,105099,1
15,513178,1
15,513179,1
15,514003,1
15,514004,1
15,514005,1
15,514006,1
15,514007,1
15,514783,1
15,514784,1
15,514785,1
15,514786,1
15,514787,1
15,514788,1
15,514789,1
15,514790,1
15,514791,1
15,514792,1
15,514793,1
15,514794,1
15,514795,1
15,514796,1
15,514797,1
15,514798,1
15,514799,1
15,514800,1
15,514801,1
15,514802,1
15,514803,1
15,514804,1
15,514805,1
15,514806,1
15,514807,1
15,514808,1
15,514809,1
15,514810,1
15,514811,1
15,514812,1
15,514813,1
15,514814,1
15,514815,1
15,514816,1
15,514817,1
15,514818,1
15,514819,1
15,514820,1
15,514821,1
15,514822,1
15,514823,1
15,514824,1
15,514825,1
15,514826,1
15,514827,1
15,514828,1
15,514829,1
15,514830,1
15,514831,1
15,514832,1
15,514833,1
15,514834,1
15,514835,1
15,514836,1
15,514837,1
15,514838,1
15,514839,1
15,514840,1
15,514841,1
15,514842,1
15,514843,1
15,514844,1
16,512038,1
16,512085,1
16,512086,1
16,512087,1
16,512088,1
16,512089,1
16,513118,1
16,513119,1
16,513120,1
16,513121,1
16,513122,1
16,513218,1
16,513219,1
16,513220,1
16,513221,1
16,513222,1
16,513587,1
16,513589,1
16,513590,1
16,513593,1
16,513594,1
16,513595,1
16,513596,1
16,513597,1
16,513598,1
16,513604,1
16,513605,1
16,513606,1
16,513607,1
16,513608,1
16,513617,1
16,513618,1
16,513619,1
16,513620,1
16,513621,1
16,513622,1
16,513623,1
16,513624,1
16,513626,1
16,513628,1
16,513630,1
16,513631,1
16,513634,1
16,513635,1
16,513636,1
16,513637,1
16,513638,1
16,513639,1
16,513640,1
16,513641,1
16,513642,1
16,513974,1
16,513976,1
16,513978,1
16,514012,1
16,514013,1
16,514014,1
16,514556,1
16,514557,1
16,514558,1
16,514574,1
16,514575,1
16,514586,1
16,514587,1
16,514588,1
16,514589,1
16,514590,1
16,514595,1
16,514819,1
17,511921,1
17,511922,1
17,511923,1
17,511924,1
17,511925,1
17,511926,1
17,511927,1
17,511928,1
17,511929,1
17,511930,1
17,511931,1
17,511932,1
17,511933,1
17,511934,1
17,511935,1
17,511936,1
17,511937,1
17,511938,1
17,511939,1
17,511940,1
17,511941,1
17,511944,1
17,511945,1
17,511946,1
17,511947,1
17,511948,1
17,511949,1
17,511952,1
17,511954,1
17,511955,1
17,511956,1
17,511957,1
17,511958,1
17,511960,1
17,511961,1
17,511962,1
17,511963,1
17,511964,1
17,511965,1
17,511966,1
17,511967,1
17,511968,1
17,511970,1
17,511971,1
17,511972,1
17,511973,1
17,511974,1
17,511976,1
17,511977,1
17,511978,1
17,511979,1
17,511980,1
17,511981,1
17,511982,1
17,511983,1
17,511984,1
17,511986,1
17,511987,1
17,511988,1
17,511989,1
17,511991,1
17,511992,1
17,511993,1
17,511998,1
17,513353,1
17,513354,1
17,513355,1
17,513356,1
17,513357,1
17,513359,1
17,513360,1
17,513361,1
17,513362,1
17,513363,1
17,513364,1
17,513365,1
17,513366,1
17,513368,1
17,513369,1
17,513370,1
17,513372,1
17,513374,1
17,514621,1
17,514622,1
17,514623,1
17,514629,1
17,514630,1
17,514915,1
17,514916,1
17,514917,1
17,514918,1
17,514919,1
18,514846,1
18,514847,1
18,514848,1
18,514849,1
18,514850,1
18,514851,1
18,514852,1
18,514853,1
18,514854,1
18,514855,1
18,514856,1
18,514857,1
18,514858,1
18,514859,1
18,514860,1
18,514861,1
18,514863,1
18,514864,1
18,514865,1
18,514866,1
18,514867,1
18,514868,1
18,514869,1
18,514870,1
18,514871,1
18,514872,1
18,514873,1
18,514874,1
18,514875,1
18,514876,1
18,514877,1
18,514878,1
18,514879,1
18,514880,1
18,514881,1
18,514882,1
18,514883,1
18,514884,1
18,514885,1
18,514886,1
18,514887,1
18,514888,1
18,514889,1
18,514890,1
19,510797,1
19,510800,1
19,510804,1
19,510805,1
19,510806,1
19,510807,1
19,510808,1
19,510809,1
19,510811,1
19,510812,1
19,510813,1
19,510814,1
19,510815,1
19,510816,1
19,510817,1
19,510818,1
19,510820,1
19,510821,1
19,510823,1
19,510824,1
19,510825,1
19,510826,1
19,510827,1
19,510828,1
19,510829,1
19,510968,1
19,510969,1
19,511245,1
19,511247,1
19,513213,1
19,513214,1
19,513246,1
19,513247,1
19,513248,1
19,513250,1
19,513251,1
19,513252,1
19,513253,1
19,514567,1
19,514568,1
20,514511,1
20,514512,1
20,514513,1
20,514514,1
20,514515,1
20,514516,1
20,514517,1
20,514518,1
20,514519,1
20,514520,1
20,514521,1
20,514522,1
20,514523,1
20,514524,1
20,514525,1
20,514527,1
20,514528,1
20,514529,1
20,514530,1
20,514532,1
20,514533,1
20,514534,1
20,514535,1
20,514537-min,1
20,514538,1
20,514540,1
20,514541,1
20,514542,1
20,514543,1
20,514544,1
20,514545,1
20,514546,1
20,514547,1
20,514548,1
20,514549,1
20,514550,1
20,514551,1
20,514552,1
20,514553,1
20,514554,1
20,514893,1
20,515471,1
20,515472,1
20,515473,1
20,515474,1
20,515475,1
20,515476,1
20,515477,1
20,515478,1
21,514481,1
21,514482,1
21,514483,1
21,514484,1
21,514485,1
21,514486,1
21,514487,1
21,514489,1
21,514490,1
21,514491,1
21,514492,1
21,514493,1
21,514494,1
21,514495,1
21,514496,1
21,514497,1
21,514498,1
21,514499,1
21,514500,1
21,514501,1
21,514502,1
21,514503,1
21,514504,1
21,514505,1
21,514506,1
21,514507,1
21,514508,1
21,514509,1
22,511169,1
22,511171,1
22,511172,1
22,511173,1
22,511174,1
22,511175,1
22,511176,1
22,511177,1
22,511178,1
22,511179,1
22,511180,1
22,511183,1
22,511184,1
22,511185,1
22,511186,1
22,511188,1
22,511189,1
22,511190,1
22,511191,1
22,511194,1
22,511195,1
22,511304,1
22,511308,1
22,511309,1
22,511311,1
22,511313,1
22,511314,1
22,511317,1
22,511319,1
22,511321,1
22,511322,1
22,511324,1
22,511325,1
22,511326,1
22,511327,1
22,511328,1
22,511329,1
22,511330,1
22,511335,1
22,512963,1
22,512964,1
22,512965,1
22,512966,1
22,512967,1
22,512968,1
22,512969,1
22,512970,1
22,512971,1
22,512972,1
22,512973,1
22,512974,1
22,513092,1
22,513093,1
22,513094,1
22,513095,1
22,513096,1
22,513097,1
22,513098,1
22,513684,1
22,513685,1
22,513688,1
22,513692,1
22,513695,1
22,513700,1
22,513709,1
22,513713,1
22,513714,1
22,513715,1
22,513716,1
22,513717,1
22,513718,1
22,513719,1
22,513720,1
22,513721,1
22,513722,1
22,513728,1
22,513732,1
22,513733,1
22,513734,1
22,513738,1
22,513740,1
22,513741,1
22,513748,1
22,513749,1
22,513750,1
22,513751,1
22,513753,1
22,513754,1
22,513761,1
22,513762,1
22,513765,1
22,513767,1
22,513770,1
22,514049B,1
22,514049F,1
22,514050B ,1
22,514050F,1
22,514054B,1
22,514054F,1
22,514055F,1
22,514056B,1
22,514056F,1
22,514057B,1
22,514057F,1
22,514059B,1
22,514059F,1
22,514060B,1
22,514060F,1
22,514061F,1
22,514063B,1
22,514063F,1
22,514064B,1
22,514064F,1
22,514065B,1
22,514065F,1
22,514066B,1
22,514066F,1
22,514067B,1
22,514067F,1
22,514068B,1
22,514068F,1
22,514070B,1
22,514070F,1
22,514071B,1
22,514071F,1
22,514072B,1
22,514072F,1
22,514073B,1
22,514073F,1
22,514074B,1
22,514074F,1
22,514075,1
22,514077,1
22,514079,1
22,514082,1
22,514083,1
22,514085,1
22,514086,1
22,514087,1
22,514089,1
22,514091,1
22,514092,1
22,514099,1
22,514100,1
22,514104,1
22,514105,1
22,514106,1
22,514107,1
22,514108,1
22,514109,1
22,514111,1
22,514112,1
22,514113,1
22,514115,1
22,514117,1
22,514119,1
22,514120,1
22,514125,1
22,514126,1
22,514130,1
22,514132,1
22,514133,1
22,514134,1
22,514135,1
22,514136,1
22,514137,1
22,514138,1
22,514139,1
22,514140,1
22,514141,1
22,514142,1
22,514143,1
22,514145,1
22,514147,1
22,514148,1
22,514152,1
22,514153,1
22,514158,1
22,514159,1
22,514160,1
22,514161,1
22,514163,1
22,514165,1
22,514166,1
22,514167,1
22,514168,1
22,514169,1
22,514170,1
22,514173,1
23,515041,1
23,515042,1
23,515043,1
23,515044,1
23,515045,1
23,515046,1
23,515047,1
23,515048,1
23,515049,1
23,515050,1
23,515051,1
23,515052,1
23,515053,1
23,515054,1
23,515055,1
23,515056,1
23,515057,1
23,515059,1
23,515060,1
23,515061,1
23,515062,1
23,515063,1
23,515064,1
23,515065,1
23,515067,1
23,515069,1
23,515070,1
23,515071,1
23,515072,1
23,515073,1
23,515074,1
23,515075,1
23,515076,1
23,515077,1
23,515078,1
23,515079,1
23,515080,1
23,515081,1
23,515082,1
23,515083,1
23,515084,1
23,515085,1
23,515086,1
23,515087,1
23,515088,1
23,515089,1
23,515092,1
23,515093,1
23,515094,1
23,515095,1
23,515096,1
23,515097,1
23,515098,1
23,515099,1
23,515100,1
23,515101,1
23,515102,1
23,515103,1
23,515104,1
23,515105,1
23,515106,1
23,515107,1
23,515108,1
23,515109,1
23,515110,1
24,510001,1
24,510002,1
24,510003,1
24,510004,1
24,510005,1
24,510006,1
24,510007,1
24,510008,1
24,510009,1
24,510010,1
24,510011,1
24,510012,1
24,510013,1
24,510014,1
24,510015,1
24,510017,1
24,510018,1
24,510019,1
24,510020,1
24,510021,1
24,510022,1
24,510023,1
24,510024,1
24,510025,1
24,510026,1
24,510027,1
24,510028,1
24,510029,1
24,510030,1
24,510031,1
24,510032,1
24,510033,1
24,510034,1
24,510035,1
24,510036,1
24,510037,1
24,510038,1
24,510039,1
24,510040,1
24,510041,1
24,510042,1
24,510043,1
24,510044,1
24,510045,1
24,510046,1
24,510417,1
24,510418,1
24,510419,1
24,510424,1
24,510425,1
24,510426,1
24,510428,1
24,510429,1
24,510430,1
24,510431,1
24,510434,1
24,510435,1
24,510439,1
24,510440,1
24,510442,1
24,510443,1
24,510444,1
25,512002,1
25,512004,1
25,512006,1
25,512008,1
25,512009,1
25,512010,1
25,512012,1
25,512014,1
25,512028,1
25,512030,1
25,512031,1
25,512032,1
25,512034,1
25,512043,1
25,512044,1
25,512049,1
25,512051,1
25,512052,1
25,512053,1
25,512054,1
25,512056,1
25,512057,1
25,512058,1
25,512059,1
25,512060,1
25,512061,1
25,512062,1
25,512063,1
25,512064,1
25,512065,1
25,512066,1
25,512070,1
25,512071,1
25,512075,1
25,512076,1
25,512077,1
25,512078,1
25,512079,1
25,512080,1
25,512081,1
25,512099,1
25,512100,1
25,512101,1
25,512102,1
25,512103,1
25,512104,1
25,512105,1
25,512107,1
25,512108,1
25,512110,1
25,512113,1
25,512114,1
25,512115,1
25,512116,1
25,512117,1
25,512120,1
25,512121,1
25,512122,1
25,512123,1
25,512124,1
25,512126,1
25,512131,1
25,512132,1
25,512133,1
25,512135,1
25,512137,1
25,512139,1
25,512145,1
25,512146,1
25,512147,1
25,512149,1
25,512150,1
25,512151,1
25,512153,1
25,512154,1
25,512155,1
25,512156,1
25,512157,1
25,512158,1
25,512159,1
25,512161,1
25,512162,1
25,512163,1
25,512164,1
25,512165,1
25,513101,1
25,513102,1
25,513103,1
25,513104,1
25,513105,1
25,513106,1
25,513107,1
25,513108,1
25,513109,1
25,513110,1
25,513111,1
25,513112,1
25,513113,1
25,513114,1
25,513115,1
25,513116,1
25,513125,1
25,513126,1
25,513129,1
25,513130,1
25,513134,1
25,513136,1
25,513137,1
25,513138,1
25,513139,1
25,513140,1
25,513143,1
25,513145,1
25,513146,1
25,513147,1
25,513148,1
25,513149,1
25,513150,1
25,513151,1
25,513153,1
25,513154,1
25,513155,1
25,513156,1
25,513157,1
25,513158,1
25,513159,1
25,513161,1
25,513162,1
25,513163,1
25,513164,1
25,513165,1
25,513166,1
25,513167,1
25,513168,1
25,513169,1
25,513170,1
25,513171,1
25,513172,1
25,513180,1
25,513181,1
25,513182,1
25,513183,1
25,513184,1
25,513187,1
25,513188,1
25,513189,1
25,513190,1
25,513191,1
25,513192,1
25,513198,1
25,513199,1
25,513200,1
25,513201,1
25,513202,1
25,513204,1
25,513205,1
25,513215,1
25,513217,1
25,513568,1
25,513571,1
25,513573,1
25,513574,1
25,513575,1
25,513577,1
25,513585,1
25,513611,1
25,513612,1
25,513632,1
25,513633,1
25,513977,1
25,513979,1
25,513980,1
25,513989,1
25,513990,1
25,513992,1
25,513994,1
25,513995,1
25,513996,1
25,513997,1
25,513998,1
25,513999,1
25,514000,1
25,514001,1
25,514002,1
25,514008,1
25,514009,1
25,514010,1
25,514011,1
25,514015,1
25,514016,1
25,514017,1
25,514018,1
25,514020,1
25,514021,1
25,514022,1
25,514023,1
25,514024,1
25,514026,1
25,514028,1
25,514029,1
25,514030,1
25,514034,1
25,514035,1
25,514036,1
25,514037,1
25,514038,1
25,514433,1
25,514434,1
25,514435,1
25,514436,1
25,514437,1
25,514438,1
25,514440,1
25,514441,1
25,514442,1
25,514443,1
25,514444,1
25,514445,1
25,514446,1
25,514447,1
25,514448,1
25,514449,1
25,514450,1
25,514451,1
25,514531,1
25,514536,1
25,514539,1
25,514559,1
25,514560,1
25,514562,1
25,514563,1
25,514565,1
25,514566,1
25,514569,1
25,514570,1
25,514571,1
25,514572,1
25,514573,1
25,514576,1
25,514577,1
25,514580,1
25,514581,1
25,514582,1
25,514583,1
25,514584,1
25,514585,1
25,514591,1
25,514592,1
25,514593,1
25,514594,1
25,514596,1
25,514597,1
25,514598,1
25,514599,1
25,514633,1
26,513342,1
26,513343,1
26,513348,1
26,513349,1
26,513438,1
26,513439,1
26,513440,1
26,513441,1
26,513442,1
26,513443,1
26,513444,1
26,513446,1
26,513447,1
26,513448,1
26,513449,1
26,513450,1
26,513451,1
26,513452,1
26,513453,1
26,513455,1
26,513456,1
26,513457,1
26,513458,1
26,513459,1
26,513460,1
26,513461,1
26,513462,1
26,513463,1
26,513464,1
26,513465,1
26,513466,1
26,513467,1
26,513468,1
26,513470,1
26,513472,1
26,513474,1
26,513476,1
26,513478,1
26,513479,1
26,513480,1
26,513481,1
26,513482,1
26,513483,1
26,513484,1
26,513485,1
26,513491,1
26,513492,1
26,513494,1
26,513498,1
26,513499,1
26,513500,1
26,513501,1
26,513502,1
26,513503,1
26,513504,1
26,513505,1
26,513506,1
26,513507,1
26,513508,1
26,513511,1
26,513513,1
26,513514,1
26,513516,1
26,513518,1
26,513520,1
26,513523,1
26,513524,1
26,513525,1
26,513526,1
26,513527,1
26,513528,1
26,513530,1
26,513532,1
26,513533,1
26,513534,1
26,513545,1
26,513548,1
26,513549,1
26,513550,1
26,513554,1
26,513555,1
26,513556,1
26,513557,1
26,513558,1
26,513561,1
26,514313,1
26,514316,1
26,514317,1
26,514319,1
26,514320,1
26,514321,1
26,514322,1
26,514323,1
26,514324,1
26,514325,1
26,514326,1
26,514327,1
26,514328,1
26,514332,1
26,514334,1
26,514336,1
26,514339,1
26,514342,1
26,514344,1
26,514345,1
26,514346,1
26,514347,1
26,514348,1
26,514351,1
26,514352,1
26,514353,1
26,514354,1
26,514360,1
26,514361,1
26,514362,1
26,514363,1
26,514364,1
26,514366,1
26,514367,1
26,514368,1
26,514369,1
26,514370,1
26,514371,1
26,514372,1
26,514373,1
26,514376,1
26,514377,1
26,514378,1
26,514379,1
26,514380,1
26,514383,1
26,514384,1
26,514385,1
26,514386,1
26,514387,1
26,514388,1
26,514389,1
26,514391,1
26,514392,1
26,514393,1
26,514394,1
26,514395,1
26,514400,1
26,514402,1
26,514403,1
26,514404,1
26,514405,1
26,514406,1
26,514408,1
26,514410,1
26,514411,1
26,514412,1
26,514415,1
26,514416,1
26,514419,1
26,514421,1
26,514422,1
26,514424,1
26,514425,1
26,514426,1
26,514427,1
26,514429,1
26,514430,1
26,514635,1
26,514637,1
26,514638,1
26,514639,1
26,514940,1
26,514941,1
26,514942,1
26,514943,1
26,514953,1
26,514954,1
26,514967,1
26,514970,1
26,514971,1
26,514972,1
26,514973,1
27,513174,1
27,513175,1
27,513176,1
27,513177,1
27,513186,1
27,513193,1
27,513194,1
27,513195,1
27,513196,1
27,513197,1
27,513206,1
27,513207,1
27,513208,1
27,513210,1
27,513211,1
27,513212,1
27,513223,1
27,513224,1
27,513225,1
27,513226,1
27,513227,1
27,513228,1
27,513229,1
27,513230,1
27,513231,1
27,513232,1
27,513233,1
27,513234,1
27,513235,1
27,513236,1
27,513237,1
27,513238,1
27,513240,1
27,513242,1
27,513243,1
27,513244,1
27,513245,1
27,513254,1
27,513255,1
27,513256,1
27,513257,1
27,513258,1
27,513259,1
27,513984,1
27,513985,1
27,513986,1
27,513987,1
27,514039,1
27,514040,1
27,514041,1
27,514042,1
27,514043,1
27,514044,1
27,514452,1
27,514453,1
27,514454,1
27,514455,1
27,514456,1
27,514457,1
27,514459,1
28,514236,1
28,514237,1
28,514247,1
28,514248,1
28,514257,1
28,514258,1
28,514259,1
28,514260,1
28,514265,1
28,514268,1
28,514269,1
28,514278,1
28,514279,1
28,514281,1
28,514283,1
28,514284,1
28,514285,1
28,514288,1
28,514289,1
28,514290,1
28,514295,1
28,514296,1
28,514297,1
28,514299,1
28,514300,1
28,514301,1
28,514302,1
28,514303,1
28,514304,1
28,514305,1
28,515265,1
28,515267,1
28,515268,1
28,515269,1
28,515270,1
28,515271,1
28,515272,1
28,515273,1
28,515274,1
28,515275,1
28,515277,1
28,515278,1
28,515279,1
28,515281,1
28,515282,1
28,515283,1
28,515284,1
28,515285,1
28,515286,1
28,515287,1
28,515288,1
28,515289,1
28,515290,1
28,515291,1
28,515292,1
28,515294,1
29,514605,1
29,514606,1
29,514607,1
29,514608,1
29,514609,1
29,514610,1
29,514611,1
29,514612,1
29,514613,1
29,514614,1
29,514615,1
29,514616,1
29,514617,1
29,514618,1
29,514619,1
29,514620,1
29,514624,1
29,514625,1
29,514626,1
29,514627,1
29,514628,1
29,514682,1
29,514683,1
29,514684,1
29,514685,1
29,514688,1
29,514689,1
29,514690,1
29,514691,1
29,514692,1
29,514693,1
29,514694,1
29,514698,1
29,514699,1
29,514700,1
29,514704,1
29,514710,1
29,514712,1
29,514713,1
29,514716,1
29,514717,1
29,514719,1
29,514720,1
29,514722,1
29,514723,1
29,514724,1
29,514725,1
29,514726,1
29,514727,1
29,514728,1
29,514729,1
29,514730,1
29,514733,1
29,514734,1
29,514735,1
29,514736,1
29,515485,1
29,515486,1
30,514894,1
30,514895,1
30,514896,1
30,514897,1
30,514898,1
30,514899,1
30,514900,1
30,514901,1
30,514902,1
30,514903,1
30,514904,1
30,515488,1
30,515489,1
30,515490,1
30,515491,1
30,515492,1
30,515493,1
30,515494,1
30,515495,1
30,515496,1
30,515497,1
30,515498,1
30,515499,1
30,515500,1
30,515501,1
30,515502,1
30,515503,1
30,515504,1
30,515505,1
30,515506,1
30,515507,1
30,515508,1
30,515509,1
30,515510,1
30,515511,1
30,515512,1
30,515513,1
30,515514,1
30,515515,1
30,515516,1
30,515517,1
30,515518,1
30,515519,1
30,515520,1
30,515521,1
30,515522,1
30,515523,1
30,515524,1
30,515525,1
30,515526,1
30,515527,1
30,515528,1
30,515529,1
30,515530,1
30,515531,1
30,515532,1
30,515533,1
30,515534,1
30,515535,1
30,515536,1
30,515537,1
30,515538,1
30,515539,1
30,515540,1
30,515541,1
30,515542,1
30,515543,1
30,515544,1
30,515545,1
30,515546,1
30,515547,1
30,515548,1
30,515549,1
30,515550,1
30,515551,1
30,515552,1
30,515553,1
30,515554,1
30,515555,1
30,515556,1
31,514642,1
31,514643,1
31,514644,1
31,514645,1
31,514646,1
31,514647,1
31,514648,1
31,514649,1
31,514650,1
31,514651,1
31,514652,1
31,514653,1
31,514654,1
31,514655,1
31,514656,1
31,514657,1
31,514658,1
31,514659,1
31,514674,1
31,514906,1
31,514907,1
31,514908,1
31,514909,1
31,514910,1
31,514911,1
31,514912,1
31,514913,1
31,514914,1
31,514921,1
31,514922,1
31,514923,1
31,514924,1
31,514925,1
31,514926,1
31,514927,1
31,514928,1
31,514929,1
31,514930,1
31,515480,1
31,515481,1
31,515482,1
31,515483,1
32,513981,1
32,513982,1
32,513983,1
32,514979,1
32,514980,1
32,514982,1
32,514983,1
32,514987,1
32,514988,1
32,514989,1
32,514990,1
32,514996,1
32,514997,1
32,515112,1
32,515113,1
32,515114,1
32,515115,1
32,515116,1
32,515117,1
32,515118,1
32,515119,1
32,515120,1
32,515121,1
32,515122,1
32,515123,1
32,515124,1
32,515125,1
32,515126,1
32,515127,1
32,515128,1
32,515129,1
32,515130,1
32,515131,1
32,515132,1
32,515133,1
32,515134,1
32,515135,1
32,515136,1
32,515137,1
32,515138,1
32,515139,1
32,515140,1
32,515141,1
32,515142,1
32,515143,1
32,515144,1
32,515145,1
32,515146,1
32,515147,1
32,515148,1
32,515149,1
32,515150,1
32,515151,1
32,515152,1
32,515153,1
32,515154,1
32,515155,1
32,515156,1
32,515157,1
32,515158,1
32,515159,1
32,515160,1
32,515161,1
32,515162,1
33,515296,1
33,515297,1
33,515298,1
33,515299,1
33,515300,1
33,515301,1
33,515302,1
33,515303,1
33,515304,1
33,515305,1
33,515306,1
33,515307,1
33,515308,1
33,515309,1
33,515310,1
33,515311,1
33,515312,1
33,515313,1
33,515314,1
33,515316,1
33,515317,1
33,515318,1
33,515319,1
33,515320,1
33,515321,1
33,515322,1
33,515323,1
33,515324,1
33,515325,1
33,515326,1
33,515327,1
33,515328,1
33,515329,1
33,515330,1
33,515331,1
33,515332,1
33,515333,1
33,515334,1
33,515335,1
33,515336,1
33,515337,1
33,515338,1
33,515339,1
33,515340,1
34,515413,1
34,515414,1
34,515415,1
34,515416,1
34,515417,1
34,515418,1
34,515419,1
34,515420,1
34,515421,1
34,515422,1
34,515423,1
34,515424,1
34,515425,1
34,515426,1
34,515427,1
34,515428,1
34,515429,1
34,515430,1
34,515431,1
34,515432,1
34,515433,1
34,515434,1
34,515435,1
34,515436,1
34,515437,1
34,515438,1
34,515439,1
34,515440,1
34,515441,1
34,515442,1
34,515443,1
34,515444,1
34,515445,1
34,515446,1
34,515447,1
34,515448,1
34,515449,1
34,515450,1
34,515451,1
34,515452,1
34,515453,1
34,515454,1
34,515455,1
34,515456,1
34,515457,1
34,515458,1
34,515459,1
34,515460,1
34,515461,1
34,515462,1
34,515463,1
34,515464,1
34,515465,1
34,515466,1
34,515467,1
34,515468,1
34,515469,1
35,514949,1
35,514950,1
35,514957,1
35,514958,1
35,514960,1
35,514961,1
35,514962,1
35,514963,1
35,514964,1
35,514965,1
35,515163,1
35,515164,1
35,515165,1
35,515166,1
35,515167,1
35,515168,1
35,515169,1
35,515170,1
35,515171,1
35,515172,1
35,515173,1
35,515174,1
35,515175,1
35,515176,1
35,515177,1
35,515178,1
35,515179,1
35,515180,1
35,515181,1
35,515182,1
35,515183,1
35,515184,1
35,515185,1
35,515186,1
35,515187,1
35,515188,1
35,515189,1
35,515190,1
35,515191,1
35,515192,1
35,515193,1
35,515194,1
35,515195,1
35,515196,1
35,515197,1
35,515198,1
35,515199,1
35,515200,1
35,515201,1
35,515202,1
35,515203,1
35,515204,1
35,515205,1
35,515206,1
35,515207,1
35,515208,1
35,515209,1
35,515210,1
35,515211,1
35,515212,1
35,515213,1
35,515214,1
35,515215,1
35,515216,1
35,515217,1
35,515218,1
35,515219,1
35,515220,1
35,515221,1
36,515342,1
36,515343,1
36,515344,1
36,515345,1
36,515346,1
36,515347,1
36,515348,1
36,515349,1
36,515350,1
36,515351,1
36,515352,1
36,515353,1
36,515354,1
36,515355,1
36,515356,1
36,515357,1
36,515358,1
36,515359,1
36,515360,1
36,515361,1
36,515362,1
36,515363,1
36,515364,1
36,515365,1
36,515366 (1),1
36,515366,1
36,515367,1
36,515368,1
36,515369,1
36,515371,1
36,515372,1
36,515373,1
36,515374,1
36,515375,1
36,515376,1
36,515377,1
36,515378 (1),1
36,515378,1
36,515379,1
36,515380,1
36,515381,1
36,515383,1
36,515384,1
36,515385,1
36,515386,1
36,515387,1
36,515388,1
36,515389,1
36,515390,1
36,515391,1
36,515392,1
36,515393,1
36,515394,1
36,515395,1
36,515396,1
36,515397,1
36,515398,1
36,515399,1
36,515400,1
36,515401,1
36,515402,1
36,515403,1
36,515404,1
36,515405,1
36,515406,1
36,515407,1
36,515408,1
36,515409,1
36,515410,1
36,515411,1
37,515226,1
37,515228,1
37,515230,1
37,515231,1
37,515232,1
37,515233,1
37,515234,1
37,515235,1
37,515236,1
37,515237,1
37,515238,1
37,515239,1
37,515240,1
37,515241,1
37,515242,1
37,515243,1
37,515244,1
37,515245,1
37,515246,1
37,515247,1
37,515248,1
37,515249,1
37,515250,1
37,515251,1
37,515252,1
37,515253,1
37,515254,1
37,515255,1
37,515256,1
37,515257,1
37,515258,1
37,515259,1
37,515260,1
37,515261,1
37,515263,1
38,51557,1
38,515576,1
38,515578,1
38,515579,1
38,515580 (1),1
38,515580,1
38,515581,1
38,515582,1
38,515583,1
38,515584,1
38,515585,1
38,515586,1
38,515587,1
38,515588,1
38,515589,1
38,515590,1
38,515591,1
38,515592,1
38,515593,1
38,515594,1
38,515595,1
38,515596,1
38,515597,1
38,515598,1
38,515599,1
38,515600,1
38,515601,1
38,515602,1
38,515603,1
38,515604,1
38,515605,1
38,515606,1
38,515607,1
38,515608,1
38,515609,1
38,515610,1
38,515611,1
38,515612,1
38,515613,1
38,515614,1
38,515615,1
38,515616,1
38,515617,1
38,515618,1
38,515619,1
38,515620,1
38,515621,1
38,515622,1
38,515623,1
38,515624,1
38,515625,1
38,515626,1
38,515627,1
38,515628,1
38,515629,1
38,515630,1
38,515631,1
38,515632,1
38,515633,1
38,515634,1
39,514555,1
39,515315,1
40,512639,1
40,512640,1
40,512641,1
40,512642,1
40,512643,1
40,512644,1
40,512646,1
40,512647,1
40,512648,1
40,512650,1
40,512651,1
40,512653,1
40,512654,1
40,512655,1
40,512656,1
40,512657,1
40,512659,1
40,512661,1
40,512663,1
40,512664,1
40,512665,1
40,512666,1
40,512669,1
40,512671,1
40,512672,1
40,512673,1
40,512675,1
40,512678,1
40,512679,1
40,512680,1
40,512681,1
40,512682,1
40,512683,1
40,512684,1
40,512685,1
40,512686,1
40,512687,1
40,512688,1
40,512689,1
40,512690,1
40,512691,1
40,512692,1
40,512693,1
40,512694,1
40,512695,1
40,512696,1
40,512697,1
40,512698,1
40,512699,1
40,512700,1
40,512701,1
40,512702,1
40,512703,1
40,512704,1
40,512705,1
40,512706,1
40,512707,1
40,512708,1
40,512709,1
40,512711,1
40,512712,1
40,512713,1
40,512714,1
40,512717,1
40,512719,1
40,512720,1
41,514461,1
41,514463,1
41,514465,1
41,514467,1
41,514468,1
41,514474,1
41,514476,1
41,514477,1
41,514478,1
41,515010,1
41,515012,1
41,515013,1
41,515014,1
41,515015,1
41,515018,1
41,515019,1
41,515020,1
41,515021,1
41,515022,1
41,515023,1
41,515024,1
41,515025,1
41,515026,1
41,515027,1
41,515028,1
41,515029,1
41,515030,1
41,515031,1
42,513377,1
42,513378,1
42,513379,1
42,513380,1
42,513381,1
42,513383,1
42,513384,1
42,513387,1
42,513388,1
42,513389,1
42,513392,1
42,513393,1
42,513394,1
42,513395,1
42,513398,1
42,513399,1
42,513400,1
42,513402,1
42,513407,1
42,513411,1
42,513412,1
42,513413,1
42,513414,1
42,513417,1
42,513418,1
42,513419,1
42,513420,1
42,513421,1
42,513422,1
42,513423,1
42,513424,1
42,513426,1
42,513427,1
42,513428,1
42,513429,1
42,513431,1
42,513434,1
42,513435,1
43,511504,1
43,511505,1
43,511511,1
43,511514,1
43,511516,1
43,511517,1
43,511520,1
43,511521,1
43,511523,1
43,511524,1
43,511525,1
43,511526,1
43,511527,1
43,511528,1
43,511529,1
43,511530,1
43,511531,1
43,511532,1
43,511541,1
43,513921,1
43,513922,1
43,513923,1
43,513924,1
43,513925,1
43,513926,1
43,513927,1
43,513928,1
43,513929,1
43,513930,1
43,513932,1
43,513933,1
43,513934,1
43,513935,1
43,513936,1
43,513937,1
43,513938,1
43,513939,1
43,513940,1
43,513941,1
43,513942,1
43,513943,1
43,513944,1
43,513945,1
43,513946,1
43,513947,1
43,513948,1
43,513949,1
43,513950,1
43,513951,1
43,513952,1
43,513953,1
43,513954,1
43,513955,1
43,513956,1
43,513957,1
43,513958,1
43,513959,1
43,513960,1
43,513961,1
43,513962,1
43,513963,1
43,513964,1
43,513965,1
43,513966,1
43,513967,1
43,513971,1
