type_id,fullname,image_name,isactive,modified_by,modified_on
1,1,,1,1,2021-10-22 17:58:00
1,2,,1,1,2021-10-22 17:58:00
1,3,,1,1,2021-10-22 17:58:00
1,4,,1,1,2021-10-22 17:58:00
1,5,,1,1,2021-10-22 17:58:00
1,6,,1,1,2021-10-22 17:58:00
1,7,,1,1,2021-10-22 17:58:00
1,8,,1,1,2021-10-22 17:58:00
1,9,,1,1,2021-10-22 17:58:00
1,10,,1,1,2021-10-22 17:58:00
1,11,,1,1,2021-10-22 17:58:00
1,12,,1,1,2021-10-22 17:58:00
1,13,,1,1,2021-10-22 17:58:00
1,14,,1,1,2021-10-22 17:58:00
1,15,,1,1,2021-10-22 17:58:00
1,16,,1,1,2021-10-22 17:58:00
1,17,,1,1,2021-10-22 17:58:00
1,18,,1,1,2021-10-22 17:58:00
1,19,,1,1,2021-10-22 17:58:00
1,20,,1,1,2021-10-22 17:58:00
1,21,,1,1,2021-10-22 17:58:00
1,22,,1,1,2021-10-22 17:58:00
1,23,,1,1,2021-10-22 17:58:00
1,24,,1,1,2021-10-22 17:58:00
1,25,,1,1,2021-10-22 17:58:00
1,26,,1,1,2021-10-22 17:58:00
1,27,,1,1,2021-10-22 17:58:00
1,28,,1,1,2021-10-22 17:58:00
1,29,,1,1,2021-10-22 17:58:00
1,30,,1,1,2021-10-22 17:58:00
1,31,,1,1,2021-10-22 17:58:00
1,32,,1,1,2021-10-22 17:58:00
1,33,,1,1,2021-10-22 17:58:00
1,34,,1,1,2021-10-22 17:58:00
1,35,,1,1,2021-10-22 17:58:00
1,36,,1,1,2021-10-22 17:58:00
1,37,,1,1,2021-10-22 17:58:00
1,38,,1,1,2021-10-22 17:58:00
1,39,,1,1,2021-10-22 17:58:00
1,40,,1,1,2021-10-22 17:58:00
1,41,,1,1,2021-10-22 17:58:00
1,42,,1,1,2021-10-22 17:58:00
1,43,,1,1,2021-10-22 17:58:00
1,44,,1,1,2021-10-22 17:58:00
1,45,,1,1,2021-10-22 17:58:00
1,46,,1,1,2021-10-22 17:58:00
1,47,,1,1,2021-10-22 17:58:00
1,48,,1,1,2021-10-22 17:58:00
1,49,,1,1,2021-10-22 17:58:00
1,50,,1,1,2021-10-22 17:58:00
1,51,,1,1,2021-10-22 17:58:00
1,52,,1,1,2021-10-22 17:58:00
1,53,,1,1,2021-10-22 17:58:00
1,54,,1,1,2021-10-22 17:58:00
1,55,,1,1,2021-10-22 17:58:00
1,56,,1,1,2021-10-22 17:58:00
1,57,,1,1,2021-10-22 17:58:00
1,58,,1,1,2021-10-22 17:58:00
1,59,,1,1,2021-10-22 17:58:00
1,60,,1,1,2021-10-22 17:58:00
1,61,,1,1,2021-10-22 17:58:00
1,62,,1,1,2021-10-22 17:58:00
1,63,,1,1,2021-10-22 17:58:00
1,64,,1,1,2021-10-22 17:58:00
1,65,,1,1,2021-10-22 17:58:00
1,66,,1,1,2021-10-22 17:58:00
1,67,,1,1,2021-10-22 17:58:00
1,68,,1,1,2021-10-22 17:58:00
1,69,,1,1,2021-10-22 17:58:00
1,70,,1,1,2021-10-22 17:58:00
1,71,,1,1,2021-10-22 17:58:00
1,72,,1,1,2021-10-22 17:58:00
1,73,,1,1,2021-10-22 17:58:00
1,74,,1,1,2021-10-22 17:58:00
1,75,,1,1,2021-10-22 17:58:00
1,76,,1,1,2021-10-22 17:58:00
1,77,,1,1,2021-10-22 17:58:00
1,78,,1,1,2021-10-22 17:58:00
1,79,,1,1,2021-10-22 17:58:00
1,80,,1,1,2021-10-22 17:58:00
1,81,,1,1,2021-10-22 17:58:00
1,82,,1,1,2021-10-22 17:58:00
1,83,,1,1,2021-10-22 17:58:00
1,84,,1,1,2021-10-22 17:58:00
1,85,,1,1,2021-10-22 17:58:00
1,86,,1,1,2021-10-22 17:58:00
1,87,,1,1,2021-10-22 17:58:00
1,88,,1,1,2021-10-22 17:58:00
1,89,,1,1,2021-10-22 17:58:00
1,90,,1,1,2021-10-22 17:58:00
1,91,,1,1,2021-10-22 17:58:00
1,92,,1,1,2021-10-22 17:58:00
1,93,,1,1,2021-10-22 17:58:00
1,94,,1,1,2021-10-22 17:58:00
1,95,,1,1,2021-10-22 17:58:00
1,96,,1,1,2021-10-22 17:58:00
2,1,,1,1,2021-10-22 17:58:00
2,2,,1,1,2021-10-22 17:58:00
2,3,,1,1,2021-10-22 17:58:00
2,4,,1,1,2021-10-22 17:58:00
2,5,,1,1,2021-10-22 17:58:00
2,6,,1,1,2021-10-22 17:58:00
2,7,,1,1,2021-10-22 17:58:00
2,8,,1,1,2021-10-22 17:58:00
2,9,,1,1,2021-10-22 17:58:00
2,10,,1,1,2021-10-22 17:58:00
2,11,,1,1,2021-10-22 17:58:00
2,12,,1,1,2021-10-22 17:58:00
2,13,,1,1,2021-10-22 17:58:00
2,14,,1,1,2021-10-22 17:58:00
2,15,,1,1,2021-10-22 17:58:00
2,16,,1,1,2021-10-22 17:58:00
2,17,,1,1,2021-10-22 17:58:00
2,18,,1,1,2021-10-22 17:58:00
2,19,,1,1,2021-10-22 17:58:00
2,20,,1,1,2021-10-22 17:58:00
2,21,,1,1,2021-10-22 17:58:00
2,22,,1,1,2021-10-22 17:58:00
2,23,,1,1,2021-10-22 17:58:00
2,24,,1,1,2021-10-22 17:58:00
2,25,,1,1,2021-10-22 17:58:00
2,26,,1,1,2021-10-22 17:58:00
2,27,,1,1,2021-10-22 17:58:00
2,28,,1,1,2021-10-22 17:58:00
2,29,,1,1,2021-10-22 17:58:00
2,30,,1,1,2021-10-22 17:58:00
2,31,,1,1,2021-10-22 17:58:00
2,32,,1,1,2021-10-22 17:58:00
2,33,,1,1,2021-10-22 17:58:00
2,34,,1,1,2021-10-22 17:58:00
2,35,,1,1,2021-10-22 17:58:00
2,36,,1,1,2021-10-22 17:58:00
2,37,,1,1,2021-10-22 17:58:00
